"","name","DistanceAdj","H"
"1","DSC_LBF",9.03422765610005,997.962911
"2","DSC_RBF",4.46409960471294,998.083398
