"","name","DistanceAdj","H"
"1","DSC_LBF",0.761238912842739,998.459484
"2","DSC_RBF",13.578415752765,998.711354
